title,url,duration_minutes,published_at,query
"Disney earnings top estimates, plus gold and silver volatility and price swings",https://www.youtube.com/watch?v=kfm9oOp6wOM,23.08,2026-02-02T16:11:07Z,Disney financial results
LIVE : The Walt Disney Companyâ€™s Fourth Quarter 2025 Financial Results Conference Call,https://www.youtube.com/watch?v=SOOZRug9uuA,23.55,2025-11-14T02:14:42Z,Disney financial results
THE WALT DISNEY COMPANY Q2 FY 2025 Financial Results - DIS Stock Earnings Report Analysis,https://www.youtube.com/watch?v=pT9i3l9QzQ8,24.85,2025-05-19T16:01:30Z,Disney financial results
Disney Q4 2025 Earnings Call | The Walt Disney Company Q4 2025 Earnings Call,https://www.youtube.com/watch?v=JDkKonEXoLk,41.33,2025-11-13T17:56:42Z,Disney financial results
"Disney earnings top estimates, stagflation fears enter markets",https://www.youtube.com/watch?v=4yHlONd3kmM,23.07,2025-08-06T15:17:35Z,Disney financial results
The Walt Disney Company DIS Q1 2026 Earnings Call,https://www.youtube.com/watch?v=p_JekpHmCHo,36.23,2026-02-03T19:17:03Z,Disney financial results
"Disney's stock under pressure following earnings, Amazon, Alphabet, and AMD earnings preview",https://www.youtube.com/watch?v=8Io4oS4MDW4,41.58,2026-02-02T16:55:27Z,Disney financial results
Disney Conference Call Q4 - 2025,https://www.youtube.com/watch?v=pQtJyq15Rto,41.37,2025-11-15T06:13:53Z,Disney financial results
Walt Disney Company Q3 2025 Earnings Call | Q3 2025 Earnings Conference Call | Q3 2025 Results,https://www.youtube.com/watch?v=-lTY0fuEjgc,41.2,2025-08-06T19:24:11Z,Disney financial results
Walt Disney Q1 2026 Earnings Call,https://www.youtube.com/watch?v=Es9HV27xNr8,36.22,2026-02-03T12:18:33Z,Disney financial results
"Longest government shutdown in US history ends, Disney posts mixed Q4 results",https://www.youtube.com/watch?v=lpI5SltCHsk,25.43,2025-11-13T13:52:40Z,Disney financial results
LIVE : Disneyâ€™s Q1 FY26 Earnings Results Webcast,https://www.youtube.com/watch?v=WOaVusfXa9M,30.57,2026-02-03T02:20:23Z,Disney financial results
"Disney earnings top estimates, stagflation fears enter markets",https://www.youtube.com/watch?v=4yHlONd3kmM,23.07,2025-08-06T15:17:35Z,Disney financial results
"ISS flips on Disney, plus CEO pay tweaks, Starbucks results, and low CEO pay ratios",https://www.youtube.com/watch?v=ek4X-tjjybA,41.48,2025-03-14T18:51:48Z,Disney financial results
EXPLOTAN los precios para entrar a DISNEY - Â¿que pasa?,https://www.youtube.com/watch?v=p_VONbgBCm8,55.13,2026-01-08T23:01:15Z,Disney financial results
Top 5 Best DVC Resorts of 2026! - Fan Votes and Team Rankings ğŸ†,https://www.youtube.com/watch?v=vX1TqMNcpGo,60.75,2026-01-19T11:01:42Z,Disney financial results
How Long Does It Take to Pay Back Disneyland Paris' $5.5 Billion Investment?,https://www.youtube.com/watch?v=g87wEr0sDjU,22.35,2025-09-20T10:17:48Z,Disney financial results
ã€è¡æ’ƒã€‘ã‚¸ãƒ§ãƒ‹ãƒ¼ãƒ‡ãƒƒãƒ—ã¯â€¦ãƒ‡ã‚£ã‚ºãƒ‹ãƒ¼ã®æœ€å„ªå…ˆäº‹é …ã¯ãƒ‘ã‚¤ãƒ¬ãƒ¼ãƒ„æ–°ä½œï¼Ÿã‚¸ãƒ£ãƒƒã‚¯ã§ã¯ãªãæ–°ä¸–ä»£ãŒãƒ¡ã‚¤ãƒ³ï¼Ÿã€ãƒ‡ã‚£ã‚ºãƒ‹ãƒ¼/ãƒ‘ã‚¤ãƒ¬ãƒ¼ãƒ„ã‚ªãƒ–ã‚«ãƒªãƒ“ã‚¢ãƒ³ã€‘,https://www.youtube.com/watch?v=pNr1pVd9hwU,20.42,2026-02-08T11:00:00Z,Disney financial results
ã€ç•°å¸¸äº‹æ…‹ã€‘æ‚²å ±â€¦ãƒ‡ã‚£ã‚ºãƒ‹ãƒ¼ã•ã‚“ã€ã‚ºãƒ¼ãƒˆãƒ”ã‚¢2ãŒç‰¹å¤§ãƒ’ãƒƒãƒˆã‚‚â€¦æ˜ ç”»éƒ¨é–€ã®åˆ©ç›ŠãŒ-35%æ¸›å°‘ã®ç•°å¸¸äº‹æ…‹ã¸ã€ã‚ºãƒ¼ãƒˆãƒ”ã‚¢2/ã‚¢ãƒã‚¿ãƒ¼ ãƒ•ã‚¡ã‚¤ãƒ¤ãƒ¼ã‚¢ãƒ³ãƒ‰ã‚¢ãƒƒã‚·ãƒ¥/ãƒ”ã‚¯ã‚µãƒ¼ã€‘,https://www.youtube.com/watch?v=38cIAnw48po,20.23,2026-02-04T13:05:00Z,Disney financial results
The fallout and impact of the Epstein files | BBC News,https://www.youtube.com/watch?v=KACKbPWEGo4,26.9,2026-02-06T22:00:19Z,Disney financial results
ã€SNSã§å¤§æ¿€è«–ã€‘ãƒãƒƒãƒˆãŒæ­£ã—ã‹ã£ãŸâ€¦DCã«çªãã¤ã‘ã‚‰ã‚ŒãŸNetflixçš„ç¾å®Ÿï¼ã‚¹ãƒ¼ãƒ‘ãƒ¼ãƒãƒ³ã®æ¬¡ã«èµ·ãã‚‹ã“ã¨ã€ãƒ¯ãƒ¼ãƒŠãƒ¼/DCU/ã‚¸ã‚§ãƒ¼ãƒ ã‚ºã‚¬ãƒ³ã€‘,https://www.youtube.com/watch?v=9kpcx8O7Zic,21.12,2026-02-10T12:00:00Z,Disney financial results
"LIVE! AMD Sinks & Disney, Uber & McDonalds Reports Preview: Stocks, Trading, Wednesday 6 August 2025",https://www.youtube.com/watch?v=RFkjs72dqSg,147.92,2025-08-06T21:02:30Z,Disney financial results
EXPLOTAN los precios para entrar a DISNEY - Â¿que pasa?,https://www.youtube.com/watch?v=p_VONbgBCm8,55.13,2026-01-08T23:01:15Z,Disney financial results
ã€ç•°å¸¸äº‹æ…‹ã€‘æ‚²å ±â€¦ãƒ‡ã‚£ã‚ºãƒ‹ãƒ¼ã•ã‚“ã€ã‚ºãƒ¼ãƒˆãƒ”ã‚¢2ãŒç‰¹å¤§ãƒ’ãƒƒãƒˆã‚‚â€¦æ˜ ç”»éƒ¨é–€ã®åˆ©ç›ŠãŒ-35%æ¸›å°‘ã®ç•°å¸¸äº‹æ…‹ã¸ã€ã‚ºãƒ¼ãƒˆãƒ”ã‚¢2/ã‚¢ãƒã‚¿ãƒ¼ ãƒ•ã‚¡ã‚¤ãƒ¤ãƒ¼ã‚¢ãƒ³ãƒ‰ã‚¢ãƒƒã‚·ãƒ¥/ãƒ”ã‚¯ã‚µãƒ¼ã€‘,https://www.youtube.com/watch?v=38cIAnw48po,20.23,2026-02-04T13:05:00Z,Disney financial results
"LIVE! Palantir Tops $1B Revenue, India Calls Out EU, Disney, AMD & Diageo Report: Tues 5 August 2025",https://www.youtube.com/watch?v=xUATZ4Tq_DY,155.5,2025-08-05T21:09:44Z,Disney financial results
"Palantir earnings beat expectations, can gold recover?",https://www.youtube.com/watch?v=WWCS9NgfncQ,37.92,2026-02-03T00:13:34Z,Disney financial results
The Story of Uber | Travis Kalanick & Garrett Camp's Brilliant Idea (TIP789),https://www.youtube.com/watch?v=MozhSfj9pLw,77.07,2026-02-05T22:45:03Z,Disney financial results
Head of Prime at Coinbase: How Crypto Becomes Institutional (Rick Schonberg),https://www.youtube.com/watch?v=o_5ULYUbixg,60.55,2026-02-10T23:21:21Z,Disney financial results
Top 5 Best DVC Resorts of 2026! - Fan Votes and Team Rankings ğŸ†,https://www.youtube.com/watch?v=vX1TqMNcpGo,60.75,2026-01-19T11:01:42Z,Disney financial results
How Long Does It Take to Pay Back Disneyland Paris' $5.5 Billion Investment?,https://www.youtube.com/watch?v=g87wEr0sDjU,22.35,2025-09-20T10:17:48Z,Disney financial results
